fecha,anio,mes_str,codigo_laguna,nombre_laguna,latitud,longitud,horario,t,od_percent,ce_m_s_cm,p_h,alcalinidad_meq_l,clorofila_microg_l,fosfato_mg_l,nitrato_mg_l,amonio_mg_l,n_no3_mg_l,n_nh4_mg_l,p_po4_mg_l,din_mg_l,abundancia_total,riqueza_taxa
2023-11-15,2023,Nov,C,Chara,41.184,1.553,10:30,10.4,45.6,1.13,8.44,NA,0.007,0.0042,0.213,0.0012,0.0481167,9.318e-4,0.00136962,0.0490485,25,9
2023-12-15,2023,Dic,C,Chara,41.184,1.553,11.45,12.5,47.4,1.39,8.65,NA,0.004,1e-4,0.243,7e-4,0.0548937,5.4355e-4,3.261e-5,0.05543725,63,4
2024-01-15,2024,Ene,C,Chara,41.184,1.553,12:40,10.7,53.1,1.97,8.19,16.035,0.002,0.0014,0.293,0.0012,0.0661887,9.318e-4,4.5654e-4,0.0671205,33,6
2024-02-15,2024,Feb,C,Chara,41.184,1.553,12:40,17.2,50.3,3.14,8.6,17.547,0.157,0.0014,0.22,0.004,0.049698,0.003106,4.5654e-4,0.052804,81,9
2024-03-15,2024,Mar,C,Chara,41.184,1.553,12:30,17.8,54.3,3.08,9.08,8.593,0,8e-4,0.455,0.0016,0.1027845,0.0012424,2.6088e-4,0.1040269,114,6
2024-04-15,2024,Abr,C,Chara,41.184,1.553,13:00,17.1,160.8,5.92,7.5,6.38,0.0043,0.0088,0.767,0.0016,0.1732653,0.0012424,0.00286968,0.1745077,307,11
2024-05-15,2024,May,C,Chara,41.184,1.553,11:41,17.6,82.1,4.82,8.44,8.273,0,0.0023,0.2,0.0029,0.04518,0.00225185,0.00075002999999999995,0.04743185,350,9
2023-11-15,2023,Nov,F,Fartet,41.185,1.549,NA,NA,NA,NA,NA,NA,NA,NA,NA,NA,NA,NA,NA,NA,NA,NA
2023-12-15,2023,Dic,F,Fartet,41.185,1.549,10:35,10.2,18.5,6.83,8.05,NA,0.004,4e-4,0.001,0.0018,2.259e-4,0.0013977,1.3044e-4,0.0016236,907,15
2024-01-15,2024,Ene,F,Fartet,41.185,1.549,11:30,9.6,30.1,4.77,8.21,24.163,0.001,1e-4,0.001,0.001,2.259e-4,7.765e-4,3.261e-5,0.0010024,63,15
2024-02-15,2024,Feb,F,Fartet,41.185,1.549,12:06,13.07,48.2,5.01,8.69,25.764,0.072,0.0014,0.013,0.0033,0.0029367,0.00256245,4.5654e-4,0.00549915,768,18
2024-03-15,2024,Mar,F,Fartet,41.185,1.549,10:05,13.2,36.9,4.86,8.85,11.491,0,4e-4,0.002,0.0021,4.518e-4,0.00163065,1.3044e-4,0.00208245,651,17
2024-04-15,2024,Abr,F,Fartet,41.185,1.549,11:05,17.1,36.6,7.68,7.9,8.81,0.041,0.0034,2.538,0.0047,0.5733342,0.00364955,0.00110874,0.57698375,784,16
2024-05-15,2024,May,F,Fartet,41.185,1.549,10:15,17.7,75.2,6.08,8.49,13.094,0.001,0.003,0.1,0.0028,0.02259,0.0021742,9.783e-4,0.0247642,415,11
2023-11-15,2023,Nov,N,Nueva,41.185,1.552,11:30,8.6,122.4,5.82,8.7,NA,0.002,0.0024,3.509,0.0015,0.7926831,0.00116475,7.8264e-4,0.79384785,497,16
2023-12-15,2023,Dic,N,Nueva,41.185,1.552,11:10,11.4,121.2,5.82,8.21,NA,0.004,2e-4,0.249,0.0018,0.0562491,0.0013977,6.522e-5,0.0576468,1129,13
2024-01-15,2024,Ene,N,Nueva,41.185,1.552,12:30,15.7,124.2,4.35,9.36,7.399,0.003,0,1.394,7e-4,0.3149046,5.4355e-4,0,0.31544815,343,8
2024-02-15,2024,Feb,N,Nueva,41.185,1.552,12:30,15.7,124.2,4.35,9.36,4.393,0.057,8e-4,0.51,0.0033,0.115209,0.00256245,2.6088e-4,0.11777145,1621,15
2024-03-15,2024,Mar,N,Nueva,41.185,1.552,10:50,14.7,133,3.96,9.39,2.065,4e-4,8e-4,0.055,0.0016,0.0124245,0.0012424,2.6088e-4,0.0136669,1754,14
2024-04-15,2024,Abr,N,Nueva,41.185,1.552,11:12,18.7,119.3,7.34,10.2,1.29,0.001,0.0159,4.132,0.0057,0.9334188,0.00442605,0.0051849900000000004,0.93784485,486,13
2024-05-15,2024,May,N,Nueva,41.185,1.552,10:51,19,172.1,6.92,8.35,3.125,0.01,6e-4,0.001,0.002,2.259e-4,0.001553,1.9566e-4,0.0017789,349,14
2023-11-15,2023,Nov,S,Salada,41.184,1.55,10.05,8.7,90.7,11.7,8.64,NA,0.025,0.0101,0.274,0.0048,0.0618966,0.0037272,0.00329361,0.0656238,13,3
2023-12-15,2023,Dic,S,Salada,41.184,1.55,9.55,11.5,57.5,11.56,7.19,NA,0.007,0.0047,0.279,0.0027,0.0630261,0.00209655,0.00153267,0.06512265,3,3
2024-01-15,2024,Ene,S,Salada,41.184,1.55,11:00,9,96.4,12.78,7.98,18.285,0.007,0.0021,0.001,0.0024,2.259e-4,0.0018636,6.8481e-4,0.0020895,1,1
2024-02-15,2024,Feb,S,Salada,41.184,1.55,11:10,13.6,180.7,8.66,9.29,13.816,1.687,0.0985,24.643,0.0031,5.5668537,0.00240715,0.03212085,5.56926085,6,3
2024-03-15,2024,Mar,S,Salada,41.184,1.55,9:30,13.9,86.3,8.62,9.09,13.179,NA,0.068,0.263,0.0028,0.0594117,0.0021742,0.0221748,0.0615859,6,4
2024-04-15,2024,Abr,S,Salada,41.184,1.55,11:35,19.9,80.1,13.8,9.13,4.38,0.0095,0.0463,2.981,0.0061,0.6734079,0.00473665,0.01509843,0.67814455,37,7
2024-05-15,2024,May,S,Salada,41.184,1.55,9:45,20,130.3,10.36,8.51,5.193,0.098,0,3.39,0.002,0.765801,0.001553,0,0.767354,922,11
