laguna,parametro,X15,X16,X17,X18,X19,X20,periodo,min,max,media,latitud,longitud
Chara,Chla (µg/L),1.24,36.7,18.97,0.001,0.157,0.079,2018-19,0.05,2.35,1.2,41.184,1.553
Chara,DIN (mg/L),0.01,0.16,0.085,0.047,0.17,0.1085,2018-19,1.48,7.98,4.73,41.184,1.553
Chara,DIN (mg/L),0.01,0.16,0.085,0.047,0.17,0.1085,2021-22,0.04,6.5,3.27,41.184,1.553
Chara,DIN (mg/L),0.01,0.16,0.085,0.047,0.17,0.1085,2022-23,0.99,4.91,2.95,41.184,1.553
Chara,OD (%),62.5,152.5,107.5,45.6,82.1,63.85,2018-19,100.1,172.7,136.4,41.184,1.553
Chara,OD (%),62.5,152.5,107.5,45.6,82.1,63.85,2021-22,79.8,220.3,150.05,41.184,1.553
Chara,OD (%),62.5,152.5,107.5,45.6,82.1,63.85,2022-23,46.6,149.3,97.95,41.184,1.553
Chara,SRP (mg/L),0.003,0.41,0.2065,0.03,2.86,1.445,2018-19,0.003,0.15,0.0765,41.184,1.553
Chara,SRP (mg/L),0.003,0.41,0.2065,0.03,2.86,1.445,2021-22,0.01,0.55,0.28,41.184,1.553
Chara,SRP (mg/L),0.003,0.41,0.2065,0.03,2.86,1.445,2022-23,0.01,0.29,0.15,41.184,1.553
Fartet,Chla (µg/L),NA,NA,NA,0.0001,0.041,0.02055,2015-16,1.7,32.7,17.2,41.185,1.549
Fartet,Chla (µg/L),NA,NA,NA,0.0001,0.041,0.02055,2018-19,0.11,1.74,0.925,41.185,1.549
Fartet,DIN (mg/L),NA,NA,NA,0.01,0.57,0.29,2015-16,1.04,9.06,5.05,41.185,1.549
Fartet,DIN (mg/L),NA,NA,NA,0.01,0.57,0.29,2018-19,3.08,9.36,6.22,41.185,1.549
Fartet,DIN (mg/L),NA,NA,NA,0.01,0.57,0.29,2021-22,0.11,1.81,0.96,41.185,1.549
Fartet,DIN (mg/L),NA,NA,NA,0.01,0.57,0.29,2022-23,0.57,1.86,1.215,41.185,1.549
Fartet,OD (%),NA,NA,NA,18.5,75.2,46.85,2015-16,94.2,151.5,122.85,41.185,1.549
Fartet,OD (%),NA,NA,NA,18.5,75.2,46.85,2018-19,28,122.1,75.05,41.185,1.549
Fartet,OD (%),NA,NA,NA,18.5,75.2,46.85,2021-22,74.5,134.3,104.4,41.185,1.549
Fartet,OD (%),NA,NA,NA,18.5,75.2,46.85,2022-23,23.2,114.8,69,41.185,1.549
Fartet,SRP (mg/L),NA,NA,NA,0.03,1.1,0.565,2015-16,0.01,0.07,0.04,41.185,1.549
Fartet,SRP (mg/L),NA,NA,NA,0.03,1.1,0.565,2018-19,0.01,0.27,0.14,41.185,1.549
Fartet,SRP (mg/L),NA,NA,NA,0.03,1.1,0.565,2021-22,0.02,0.53,0.275,41.185,1.549
Fartet,SRP (mg/L),NA,NA,NA,0.03,1.1,0.565,2022-23,0.01,1.71,0.86,41.185,1.549
Salada,Chla (µg/L),11.8,110.6,61.2,0.007,1.68,0.8435,2018-19,0.24,2.87,1.555,41.184,1.55
Salada,DIN (mg/L),0.01,1.32,0.665,0.01,5.56,2.785,2018-19,3.6,36.95,20.275,41.184,1.55
Salada,DIN (mg/L),0.01,1.32,0.665,0.01,5.56,2.785,2021-22,0.27,3.24,1.755,41.184,1.55
Salada,DIN (mg/L),0.01,1.32,0.665,0.01,5.56,2.785,2022-23,0.21,2.7,1.455,41.184,1.55
Salada,OD (%),64.4,149.7,107.05,57.5,180.7,119.1,2018-19,94,115.7,104.85,41.184,1.55
Salada,OD (%),64.4,149.7,107.05,57.5,180.7,119.1,2021-22,75.8,137.2,106.5,41.184,1.55
Salada,OD (%),64.4,149.7,107.05,57.5,180.7,119.1,2022-23,66.7,109.6,88.15,41.184,1.55
Salada,SRP (mg/L),0.01,0.86,0.435,0.01,32.1,16.055,2018-19,0.01,0.16,0.085,41.184,1.55
Salada,SRP (mg/L),0.01,0.86,0.435,0.01,32.1,16.055,2021-22,0.04,0.58,0.31,41.184,1.55
Salada,SRP (mg/L),0.01,0.86,0.435,0.01,32.1,16.055,2022-23,0.66,5,2.83,41.184,1.55
