Muestra,Horario,T,OD (%),CE (mS/cm),pH,Alcalinidad (meq/L),Clorofila (microg/L),Fosfato (mg/L),Nitrato (mg/L),Amonio (mg/L),N-NO3 (mg/L),N-NH4 (mg/L),P-PO4 (mg/L),DIN (mg/L)
Nov.F,,,,,,,,-,-,-,,,,
Dic.F,10:35,10.2,18.5,6.83,8.05,-,0.004,0.0004,0.001,0.0018,0.0002259,0.0013977,0.00013044,0.0016236
Ene.F,11:30,9.6,30.1,4.77,8.21,24.163,0.001,0.0001,0.001,0.001,0.0002259,0.0007765,0.00003261,0.0010024
Feb.F,12:06,13.07,48.2,5.01,8.69,25.764,0.072,0.0014,0.013,0.0033,0.0029367,0.00256245,0.00045654,0.00549915
Mar.F,10:05,13.2,36.9,4.86,8.85,11.491,0,0.0004,0.002,0.0021,0.0004518,0.00163065,0.00013044,0.00208245
Abr.F,11:05,17.1,36.6,7.68,7.9,8.81,0.041,0.0034,2.538,0.0047,0.5733342,0.00364955,0.00110874,0.57698375
May.F,10:15,17.7,75.2,6.08,8.49,13.094,0.001,0.003,0.1,0.0028,0.02259,0.0021742,0.0009783,0.0247642
Nov.C,10:30,10.4,45.6,1.13,8.44,-,0.007,0.0042,0.213,0.0012,0.0481167,0.0009318,0.00136962,0.0490485
Dic.C,11.45,12.5,47.4,1.39,8.65,-,0.004,0.0001,0.243,0.0007,0.0548937,0.00054355,0.00003261,0.05543725
Ene.C,12:40,10.7,53.1,1.97,8.19,16.035,0.002,0.0014,0.293,0.0012,0.0661887,0.0009318,0.00045654,0.0671205
Feb.C,12:40,17.2,50.3,3.14,8.6,17.547,0.157,0.0014,0.22,0.004,0.049698,0.003106,0.00045654,0.052804
Mar.C,12:30,17.8,54.3,3.08,9.08,8.593,0,0.0008,0.455,0.0016,0.1027845,0.0012424,0.00026088,0.1040269
Abr.C,13:00,17.1,160.8,5.92,7.5,6.38,0.0043,0.0088,0.767,0.0016,0.1732653,0.0012424,0.00286968,0.1745077
May.C,11:41,17.6,82.1,4.82,8.44,8.273,0,0.0023,0.2,0.0029,0.04518,0.00225185,0.00075003,0.04743185
Nov.S,10.05,8.7,90.7,11.7,8.64,-,0.025,0.0101,0.274,0.0048,0.0618966,0.0037272,0.00329361,0.0656238
Dic.S,9.55,11.5,57.5,11.56,7.19,-,0.007,0.0047,0.279,0.0027,0.0630261,0.00209655,0.00153267,0.06512265
Ene.S,11:00,9,96.4,12.78,7.98,18.285,0.007,0.0021,0.001,0.0024,0.0002259,0.0018636,0.00068481,0.0020895
Feb.S,11:10,13.6,180.7,8.66,9.29,13.816,1.687,0.0985,24.643,0.0031,5.5668537,0.00240715,0.03212085,5.56926085
Mar.S,9:30,13.9,86.3,8.62,9.09,13.179,-,0.068,0.263,0.0028,0.0594117,0.0021742,0.0221748,0.0615859
Abr.S,11:35,19.9,80.1,13.8,9.13,4.38,0.0095,0.0463,2.981,0.0061,0.6734079,0.00473665,0.01509843,0.67814455
May.S,9:45,20,130.3,10.36,8.51,5.193,0.098,0,3.39,0.002,0.765801,0.001553,0,0.767354
Nov.N,11:30,8.6,122.4,5.82,8.7,-,0.002,0.0024,3.509,0.0015,0.7926831,0.00116475,0.00078264,0.79384785
Dic.N,11:10,11.4,121.2,5.82,8.21,-,0.004,0.0002,0.249,0.0018,0.0562491,0.0013977,0.00006522,0.0576468
Ene.N,12:30,15.7,124.2,4.35,9.36,7.399,0.003,0,1.394,0.0007,0.3149046,0.00054355,0,0.31544815
Feb.N,12:30,15.7,124.2,4.35,9.36,4.393,0.057,0.0008,0.51,0.0033,0.115209,0.00256245,0.00026088,0.11777145
Mar.N,10:50,14.7,133,3.96,9.39,2.065,0.0004,0.0008,0.055,0.0016,0.0124245,0.0012424,0.00026088,0.0136669
Abr.N,11:12,18.7,119.3,7.34,10.2,1.29,0.001,0.0159,4.132,0.0057,0.9334188,0.00442605,0.00518499,0.93784485
May.N,10:51,19,172.1,6.92,8.35,3.125,0.01,0.0006,0.001,0.002,0.0002259,0.001553,0.00019566,0.0017789