,,2015-16,,,2018-19,,,2021-22,,,2022-23,,,2023-24,,,2025-26,,
,,min,max,media,min,max,media,min,max,media,min,max,media,min,max,media,min,max,media
Fartet,CE (mS/cm),7.77,13.96,10.865,9.5,16.4,12.95,8.8,10.4,9.6,7.4,8.4,7.9,,,,4.8,7.7,6.25
,OD (%),94.2,151.5,122.85,28,122.1,75.05,74.5,134.3,104.4,23.2,114.8,69,,,,18.5,75.2,46.85
,DIN (mg/L),1.04,9.06,5.05,3.08,9.36,6.22,0.11,1.81,0.96,0.57,1.86,1.215,,,,0.01,0.57,0.29
,SRP (mg/L),0.01,0.07,0.04,0.01,0.27,0.14,0.02,0.53,0.275,0.01,1.71,0.86,,,,0.03,1.1,0.565
,Chla (µg/L),1.7,32.7,17.2,0.11,1.74,0.925,,,,,,,,,,0.0001,0.041,0.02055
Salada,CE (mS/cm),,,,4.73,31.4,18.065,17,31.9,24.45,13.6,14.7,14.15,14.2,44.1,29.15,8.6,13.8,11.2
,OD (%),,,,94,115.7,104.85,75.8,137.2,106.5,66.7,109.6,88.15,64.4,149.7,107.05,57.5,180.7,119.1
,DIN (mg/L),,,,3.6,36.95,20.275,0.27,3.24,1.755,0.21,2.7,1.455,0.01,1.32,0.665,0.01,5.56,2.785
,SRP (mg/L),,,,0.01,0.16,0.085,0.04,0.58,0.31,0.66,5,2.83,0.01,0.86,0.435,0.01,32.1,16.055
,Chla (µg/L),,,,0.24,2.87,1.555,,,,,,,11.8,110.6,61.2,0.007,1.68,0.8435
Chara,CE (mS/cm),,,,3,9.8,6.4,7.8,9.5,8.65,7.1,7.8,7.45,6.8,8.6,7.7,1.13,5.92,3.525
,OD (%),,,,100.1,172.7,136.4,79.8,220.3,150.05,46.6,149.3,97.95,62.5,152.5,107.5,45.6,82.1,63.85
,DIN (mg/L),,,,1.48,7.98,4.73,0.04,6.5,3.27,0.99,4.91,2.95,0.01,0.16,0.085,0.047,0.17,0.1085
,SRP (mg/L),,,,0.003,0.15,0.0765,0.01,0.55,0.28,0.01,0.29,0.15,0.003,0.41,0.2065,0.03,2.86,1.445
,Chla (µg/L),,,,0.05,2.35,1.2,,,,,,,1.24,36.7,18.97,0.001,0.157,0.079
Nueva,CE (mS/cm),,,,,,,,,,,,,,,,3.9,7.3,5.6
,OD (%),,,,,,,,,,,,,,,,119.3,172.1,145.7
,DIN (mg/L),,,,,,,,,,,,,,,,0.001,0.93,0.4655
,SRP (mg/L),,,,,,,,,,,,,,,,0.001,5.18,2.5905
,Chla (µg/L),,,,,,,,,,,,,,,,0.0004,0.057,0.0287