Muestra,Ischnura ,Cloeon,Tanytarsini,Orthocladiinae,Chironomini,Dixa ,Dixella,Ceratopogonidae,Acaros,Notonecta,Micronecta,Arctocorixa,Sigara,Corixinae,Naucoridae,Mesovelia,Velia,Agabus.l,Agabus.a,Colymbetinnae,Hydroporus,Yola ,Stratiomydae,Ephydridae,Gyrinus,Curculionidae,Tanyponidae,Palaemon,Lekanesphaera,Aeshnidae,Anax,Physa,Libellulidae,Culicinae,Plea,Scatophagidae.l,Pupas,Ninfas,Poliqueto,Oligoqueto,Acanthocnema,Empididae,Eriopterini,Cyphon,Lymnaea,Dolicophodidae,M.Slabb,Gerridae,Planorbidae,Hygrotus.a,Potamopyrgus ,Hydracarias,Planarias,Rhagionidae
Dic.F,2,662,4,98,17,1,0,0,0,1,1,0,4,0,0,0,0,86,0,11,0,0,0,0,0,0,0,0,0,6,0,0,12,0,0,0,0,0,0,0,1,1,0,0,0,0,0,0,0,0,0,0,0,0
Ene.F,2,17,4,6,2,0,1,0,0,0,0,0,0,0,0,0,0,17,0,0,0,0,1,1,2,1,4,0,0,0,0,0,0,1,0,0,0,0,0,0,0,0,1,3,0,0,0,0,0,0,0,0,0,0
Feb.F,0,367,9,33,2,1,0,3,0,1,0,0,0,37,0,0,0,159,0,0,0,0,1,0,8,0,0,0,0,1,0,0,5,0,8,0,116,3,0,0,0,0,0,0,0,0,0,0,0,0,12,2,0,0
Mar.F,6,155,20,72,3,0,0,0,0,0,258,0,0,0,0,0,0,31,0,0,0,0,2,1,14,0,0,0,0,0,9,0,1,0,19,0,39,17,0,0,0,0,1,0,3,0,0,0,0,0,0,0,0,0
Abr.F,8,127,48,48,36,0,0,119,0,4,153,0,0,20,1,0,0,10,0,0,0,0,0,0,18,0,0,0,0,0,13,0,0,0,17,0,135,27,0,0,0,0,0,0,0,0,0,0,0,0,0,0,0,0
May.F,1,48,4,1,40,0,0,0,0,101,49,0,52,0,4,0,0,0,0,0,0,0,0,0,0,0,0,0,0,0,0,0,0,0,114,0,0,0,0,0,0,0,0,0,0,0,0,1,0,0,0,0,0,0
Nov.C,1,13,1,3,0,1,0,0,0,1,0,0,0,0,0,0,0,0,0,0,0,0,0,0,0,0,0,0,0,1,0,2,0,0,0,0,0,0,0,0,0,0,0,0,0,2,0,0,0,0,0,0,0,0
Dic.C,0,54,0,6,0,0,0,0,0,0,0,0,1,0,0,0,0,0,0,0,0,0,0,0,0,0,0,0,0,0,0,2,0,0,0,0,0,0,0,0,0,0,0,0,0,0,0,0,0,0,0,0,0,0
Ene.C,0,24,0,2,0,0,1,2,0,0,0,0,0,0,0,0,0,0,0,0,0,0,0,0,0,0,0,0,0,0,0,3,1,0,0,0,0,0,0,0,0,0,0,0,0,0,0,0,0,0,0,0,0,0
Feb.C,0,50,0,3,0,0,0,0,0,0,7,0,0,0,0,0,0,2,0,0,0,0,0,0,0,0,0,0,0,0,0,1,1,0,12,0,3,0,0,2,0,0,0,0,0,0,0,0,0,0,0,0,0,0
Mar.C,0,52,0,12,0,0,0,0,0,0,1,0,0,0,0,0,0,0,0,0,0,0,0,0,0,0,0,0,0,0,1,0,0,0,19,0,29,0,0,0,0,0,0,0,0,0,0,0,0,0,0,0,0,0
Abr.C,7,40,0,85,0,5,0,0,0,0,0,0,0,0,0,0,0,0,0,0,0,0,0,0,4,0,0,0,0,0,0,3,2,0,69,0,87,4,0,0,0,0,0,0,0,0,0,1,0,0,0,0,0,0
May.C,0,31,0,53,15,0,6,0,0,43,2,0,0,0,0,0,0,0,0,0,0,0,1,0,0,0,0,0,0,0,0,0,0,0,184,0,0,0,0,0,0,0,0,0,0,0,0,0,0,0,0,15,0,0
Nov.S,0,0,0,0,0,0,0,0,0,10,0,0,0,0,0,0,0,0,0,0,0,0,0,0,0,0,0,1,2,0,0,0,0,0,0,0,0,0,0,0,0,0,0,0,0,0,0,0,0,0,0,0,0,0
Dic.S,0,0,0,1,0,0,0,0,0,1,0,0,0,0,0,0,0,0,0,0,0,0,0,0,0,0,0,0,0,0,0,0,0,0,0,0,0,0,0,0,0,0,0,0,0,0,0,0,1,0,0,0,0,0
Ene.S,0,0,0,0,0,0,0,1,0,0,0,0,0,0,0,0,0,0,0,0,0,0,0,0,0,0,0,0,0,0,0,0,0,0,0,0,0,0,0,0,0,0,0,0,0,0,0,0,0,0,0,0,0,0
Feb.S,0,0,0,1,0,0,0,0,0,0,0,0,0,0,0,0,0,0,0,0,0,0,0,0,0,0,0,2,0,0,0,0,0,0,0,0,3,0,0,0,0,0,0,0,0,0,0,0,0,0,0,0,0,0
Mar.S,0,0,1,1,0,0,0,0,0,0,0,0,0,0,0,0,0,0,0,0,0,0,0,0,0,0,0,1,0,0,0,0,0,0,0,0,3,0,0,0,0,0,0,0,0,0,0,0,0,0,0,0,0,0
Abr.S,0,0,0,6,0,0,0,0,0,1,0,0,0,0,0,0,0,0,0,0,0,0,0,1,0,0,0,1,0,0,0,0,0,0,0,0,19,0,1,0,0,0,0,0,0,0,8,0,0,0,0,0,0,0
May.S,1,0,2,7,0,0,0,25,0,0,0,0,0,0,0,0,0,0,0,0,0,0,0,38,0,0,0,495,0,0,0,0,0,0,0,0,6,0,263,0,0,0,0,0,0,14,65,0,0,0,0,0,6,0
Nov.N,2,235,2,197,9,0,0,0,0,0,1,0,1,1,0,0,0,2,0,0,0,0,0,0,0,0,0,0,0,9,0,0,30,3,2,1,1,0,0,0,0,0,0,0,0,0,0,0,0,1,0,0,0,0
Dic.N,8,211,6,731,8,0,0,0,0,0,0,0,4,0,0,0,0,7,0,0,0,0,0,0,0,0,1,0,0,0,4,0,144,1,1,0,0,0,0,0,0,3,0,0,0,0,0,0,0,0,0,0,0,0
Ene.N,0,22,2,299,0,0,0,7,0,0,0,0,0,0,0,0,0,0,0,0,0,0,0,1,0,0,1,0,0,0,0,0,3,0,0,0,8,0,0,0,0,0,0,0,0,0,0,0,0,0,0,0,0,0
Feb.N,11,1223,13,140,15,0,0,0,0,0,27,0,2,2,0,0,0,11,0,0,0,0,0,1,0,0,0,0,0,13,0,0,135,0,2,0,2,24,0,0,0,0,0,0,0,0,0,0,0,0,0,0,0,0
Mar.N,50,184,13,1073,53,0,0,0,0,0,25,2,1,0,0,0,0,6,1,0,26,0,0,0,0,0,0,0,0,0,11,0,302,0,7,0,0,0,0,0,0,0,0,0,0,0,0,0,0,0,0,0,0,0
Abr.N,18,45,13,274,1,0,0,0,0,0,23,0,0,0,0,0,0,6,0,0,6,0,0,6,0,0,0,0,0,0,0,0,14,0,3,0,0,6,0,71,0,0,0,0,0,0,0,0,0,0,0,0,0,0
May.N,4,61,0,159,10,0,0,0,0,6,2,0,0,29,0,0,0,0,0,0,11,20,0,0,0,0,0,0,0,0,0,0,0,10,22,0,4,1,0,0,0,0,0,0,0,0,0,0,0,0,0,0,0,10